,file_name,abraham,ulises,pedro
0,279.json,1,1,1
1,723.json,0,0,0
2,1120.json,0,0,1
3,852.json,1,1,1
4,1505.json,1,1,1
5,109.json,0,0,0
6,937.json,1,1,0
7,1130.json,1,1,1
8,2073.json,1,1,1
9,1582.json,0,0,0
10,1468.json,1,1,1
11,1364.json,0,0,0
12,1405.json,1,1,1
13,145.json,1,1,1
14,337.json,0,0,0
15,1327.json,1,1,1
16,280.json,1,1,0
17,1879.json,1,1,1
18,459.json,0,0,0
19,1094.json,1,1,1
20,1287.json,0,0,0
21,1773.json,0,0,0
22,1979.json,1,0,0
23,922.json,1,1,1
24,809.json,0,0,0
25,134.json,0,0,0
26,474.json,1,1,1
27,1438.json,1,1,1
28,864.json,1,1,1
29,985.json,1,0,0
30,1003.json,1,1,1
31,2065.json,0,0,0
32,1853.json,0,0,0
33,1245.json,1,1,1
34,1115.json,0,0,0
35,1472.json,0,0,0
36,2076.json,0,0,0
37,2007.json,1,1,1
38,1661.json,1,0,1
39,149.json,1,1,1
40,1702.json,0,0,0
41,1056.json,0,0,0
42,1174.json,0,0,0
43,398.json,0,0,0
44,1026.json,0,0,0
45,275.json,1,1,1
46,675.json,0,0,0
47,72.json,0,0,0
48,1759.json,1,1,1
49,1968.json,1,0,1
50,100.json,0,0,0
51,1779.json,1,1,1
52,1358.json,0,0,0
53,944.json,1,1,1
54,547.json,1,1,1
55,383.json,1,1,1
56,1664.json,1,1,0
57,1292.json,0,0,0
58,1430.json,0,0,0
59,1126.json,0,0,0
60,32.json,1,1,1
61,657.json,0,0,0
62,465.json,1,1,1
63,1157.json,1,1,1
64,1936.json,0,0,0
65,753.json,0,0,0
66,1080.json,0,0,0
67,899.json,0,1,0
68,270.json,0,0,0
69,1923.json,1,1,1
70,281.json,1,1,1
71,356.json,0,0,0
72,566.json,1,0,0
73,207.json,1,0,1
74,875.json,1,1,0
75,1376.json,0,0,0
76,1889.json,0,0,0
77,2021.json,1,1,0
78,153.json,0,0,0
79,987.json,1,1,1
80,1089.json,1,1,1
81,113.json,1,1,1
82,940.json,0,0,0
83,258.json,0,0,0
84,704.json,0,0,0
85,1959.json,1,1,1
86,549.json,0,0,0
87,1144.json,0,0,0
88,2005.json,1,1,1
89,1932.json,0,0,0
90,1301.json,1,1,1
91,1192.json,1,1,1
92,1413.json,1,1,1
93,849.json,0,0,0
94,105.json,1,1,1
95,1862.json,1,1,0
96,1095.json,1,1,1
97,1011.json,0,0,0
98,1508.json,1,1,0
99,346.json,1,1,1
100,257.json,0,0,0
101,965.json,1,1,1
102,1840.json,1,1,1
103,964.json,0,0,0
104,692.json,0,0,0
105,745.json,1,1,1
106,1761.json,1,1,1
107,1017.json,0,0,0
108,813.json,1,1,1
109,1474.json,1,0,1
110,1271.json,1,1,1
111,1191.json,0,0,0
112,1548.json,0,0,0
113,1854.json,0,0,0
114,911.json,1,1,0
115,1028.json,0,1,0
116,1966.json,0,0,0
117,565.json,1,1,1
118,828.json,0,0,0
119,1984.json,0,0,0
120,1076.json,0,0,0
121,225.json,1,1,1
122,1583.json,0,0,0
123,1552.json,1,0,1
124,691.json,1,1,1
125,1771.json,1,1,1
126,1619.json,1,1,0
127,2060.json,1,1,0
128,1042.json,1,0,1
129,1903.json,1,1,1
130,309.json,0,0,0
131,1333.json,1,1,1
132,873.json,1,1,1
133,2081.json,0,0,0
134,969.json,1,1,1
135,995.json,0,0,0
136,1735.json,0,0,0
137,143.json,1,1,0
138,575.json,0,0,0
139,724.json,1,1,1
140,636.json,1,1,0
141,15.json,1,1,1
142,1928.json,1,1,1
143,605.json,0,1,0
144,2072.json,0,0,0
145,1043.json,1,1,1
146,1353.json,1,1,1
147,1697.json,1,1,1
148,448.json,1,0,0
149,910.json,1,1,1
150,1894.json,1,1,0
151,1945.json,1,0,0
152,2063.json,1,0,0
153,244.json,1,1,0
154,492.json,1,1,1
155,878.json,1,1,1
156,846.json,1,1,1
157,1660.json,1,1,1
158,1714.json,1,1,1
159,1706.json,0,0,0
160,418.json,1,0,0
161,487.json,0,0,0
162,2020.json,1,1,0
163,1834.json,1,1,1
164,1389.json,0,0,0
165,800.json,0,0,0
166,534.json,1,1,1
167,1262.json,1,1,1
168,315.json,1,1,1
169,738.json,0,0,0
170,1901.json,1,1,0
171,484.json,1,1,1
172,1160.json,1,0,0
173,1494.json,0,0,0
174,1473.json,0,0,0
175,712.json,1,1,1
176,1978.json,0,1,0
177,2070.json,1,1,0
178,1796.json,0,0,0
179,190.json,1,1,1
180,221.json,0,1,0
181,770.json,1,1,1
182,751.json,1,1,1
183,641.json,0,0,0
184,324.json,1,1,1
185,1729.json,1,1,1
186,766.json,1,1,1
187,914.json,1,1,1
188,1843.json,0,0,0
189,1944.json,1,1,1
190,1408.json,1,1,1
191,1282.json,1,1,1
192,1705.json,1,1,1
193,1304.json,0,0,0
194,266.json,0,0,0
195,1166.json,0,0,0
196,1778.json,0,0,0
197,1018.json,1,1,1
198,321.json,0,1,0
199,1102.json,1,1,1
200,1109.json,0,1,0
201,1437.json,1,0,0
202,1893.json,0,0,0
203,775.json,1,1,1
204,1680.json,0,0,0
205,336.json,1,0,0
206,311.json,1,1,0
207,33.json,0,0,0
208,2009.json,0,0,0
209,640.json,0,0,0
210,1046.json,0,0,0
211,379.json,1,1,1
212,1686.json,0,0,0
213,500.json,1,1,1
214,1397.json,1,1,1
215,375.json,0,0,0
216,1644.json,0,0,0
217,1814.json,1,1,1
218,903.json,0,0,0
219,1864.json,1,1,1
220,148.json,0,0,0
221,399.json,0,0,0
222,2075.json,1,1,1
223,329.json,1,1,1
224,794.json,0,0,0
225,1573.json,0,0,0
226,833.json,1,1,1
227,294.json,0,0,0
228,1150.json,0,0,0
229,1970.json,0,0,0
230,719.json,0,0,0
231,943.json,1,1,1
232,855.json,0,0,0
233,54.json,0,0,0
234,103.json,1,1,1
235,172.json,1,1,0
236,94.json,1,1,0
237,87.json,0,0,0
238,904.json,1,0,0
239,1107.json,1,0,0
240,518.json,1,1,0
241,2068.json,1,1,1
242,1775.json,0,0,0
243,2085.json,0,0,0
244,471.json,1,1,1
245,1079.json,0,0,0
246,656.json,0,0,0
247,836.json,1,1,1
248,942.json,0,0,0
249,1914.json,1,1,1
250,1620.json,0,0,0
251,1140.json,1,1,1
252,950.json,1,1,0
253,60.json,0,0,0
254,242.json,1,1,1
255,400.json,1,1,1
256,934.json,0,0,0
257,1975.json,1,0,0
258,1121.json,1,1,1
259,1442.json,0,1,0
260,978.json,0,0,0
261,1655.json,1,1,1
262,1704.json,1,1,1
263,40.json,0,0,0
264,1420.json,0,1,0
265,812.json,1,1,1
266,59.json,1,1,1
267,509.json,1,1,0
268,789.json,0,0,0
269,46.json,1,1,1
270,1019.json,0,1,0
271,1625.json,1,1,1
272,1669.json,0,0,0
273,422.json,1,1,1
274,591.json,1,1,1
275,1924.json,1,0,0
276,340.json,0,0,0
277,278.json,0,0,0
278,806.json,1,1,1
279,1587.json,0,1,0
280,506.json,1,1,1
281,2025.json,0,0,0
282,253.json,0,0,0
283,334.json,0,0,0
284,982.json,1,1,1
285,1517.json,1,1,1
286,1379.json,1,1,1
287,588.json,0,0,0
288,661.json,1,1,1
289,939.json,1,1,1
290,386.json,1,1,1
291,2088.json,1,1,0
292,498.json,1,1,1
293,896.json,1,1,1
294,708.json,1,1,1
295,1929.json,1,1,1
296,831.json,1,1,1
297,1407.json,1,0,1
298,823.json,1,1,1
299,1319.json,0,0,0
300,1816.json,0,0,0
301,58.json,0,0,0
302,1515.json,0,0,0
303,277.json,0,0,0
304,1183.json,0,0,0
305,645.json,0,0,0
306,1722.json,0,0,0
307,1443.json,0,0,0
308,815.json,1,1,0
309,1732.json,0,0,0
310,1329.json,0,0,0
311,177.json,1,1,1
312,737.json,1,1,0
313,1241.json,1,1,1
314,1198.json,1,1,1
315,1594.json,1,0,0
316,2026.json,1,1,1
317,925.json,0,0,0
318,1041.json,0,0,0
319,672.json,1,1,0
320,124.json,1,1,1
321,1146.json,0,0,0
322,693.json,0,1,0
323,754.json,0,0,0
324,767.json,1,1,1
325,1867.json,1,0,1
326,1762.json,0,1,0
327,35.json,1,1,1
328,1698.json,0,0,0
329,819.json,0,0,0
330,1880.json,1,1,0
331,1054.json,1,1,1
332,85.json,1,1,1
333,1511.json,1,0,0
334,678.json,1,1,1
335,1249.json,1,1,1
336,851.json,0,0,0
337,1892.json,0,0,0
338,1670.json,1,1,1
339,1833.json,1,0,0
340,706.json,1,0,0
341,51.json,1,0,1
342,1200.json,0,0,0
343,1216.json,1,1,0
344,1431.json,1,1,1
345,613.json,0,1,0
346,440.json,1,1,1
347,107.json,1,1,1
348,69.json,1,1,1
349,1926.json,0,0,0
350,477.json,1,1,1
351,451.json,1,0,0
352,962.json,0,0,0
353,638.json,0,0,0
354,1265.json,1,0,0
355,600.json,1,1,1
356,1320.json,0,0,0
357,996.json,0,0,0
358,803.json,0,1,0
359,1302.json,1,1,1
360,1114.json,0,0,0
361,1789.json,0,0,0
362,597.json,1,1,1
363,1116.json,1,1,1
364,93.json,0,0,0
365,1131.json,0,0,0
366,344.json,1,1,1
367,771.json,0,0,0
368,1322.json,0,0,0
369,551.json,0,0,0
370,1487.json,0,0,0
371,1963.json,1,1,1
372,1817.json,0,0,0
373,981.json,1,1,1
374,519.json,1,1,0
375,1534.json,1,1,1
376,1051.json,0,0,0
377,1272.json,0,0,0
378,999.json,0,0,0
379,1058.json,0,1,0
380,1060.json,1,1,1
381,1941.json,0,0,0
382,652.json,1,1,1
383,564.json,1,1,0
384,860.json,1,1,1
385,1627.json,0,0,0
386,1798.json,0,0,0
387,434.json,0,0,0
388,1535.json,1,1,1
389,1007.json,1,1,1
390,2.json,1,1,1
391,1711.json,1,1,1
392,1461.json,1,1,1
393,1185.json,1,1,1
394,470.json,1,1,1
395,633.json,0,0,0
396,224.json,1,1,0
397,39.json,1,1,1
398,571.json,0,0,0
399,889.json,0,0,0
400,427.json,0,0,0
401,802.json,0,0,0
402,1137.json,1,1,1
403,1842.json,1,1,1
404,683.json,1,0,0
405,1769.json,0,1,0
406,768.json,1,1,1
407,1753.json,1,1,1
408,1819.json,0,1,0
409,1696.json,1,1,1
410,785.json,1,1,1
411,1611.json,1,1,1
412,524.json,0,0,0
413,2080.json,0,0,0
414,127.json,0,0,0
415,1767.json,1,1,1
416,1283.json,1,1,1
417,445.json,1,1,1
418,726.json,0,0,0
419,980.json,1,1,0
420,2051.json,1,1,1
421,918.json,1,1,1
422,1377.json,1,1,0
423,1068.json,1,1,1
424,323.json,0,0,0
425,1943.json,1,1,1
426,1996.json,0,0,0
427,1734.json,1,1,0
428,466.json,1,1,0
429,442.json,1,1,1
430,228.json,0,0,0
431,1170.json,0,0,0
432,505.json,0,0,0
433,1897.json,1,1,1
434,298.json,0,0,0
435,817.json,1,1,1
436,332.json,0,0,0
437,734.json,1,1,1
438,1239.json,0,0,0
439,22.json,1,1,0
440,963.json,0,0,0
441,1997.json,1,1,1
442,774.json,1,1,0
443,650.json,1,1,1
444,1456.json,0,0,0
445,1873.json,0,0,0
446,1509.json,1,1,0
447,647.json,0,0,0
448,1088.json,0,0,0
449,907.json,0,0,0
450,241.json,1,0,0
451,1439.json,1,1,1
452,1344.json,1,1,1
453,1453.json,1,1,1
454,1674.json,0,1,0
455,1858.json,1,1,1
456,1916.json,0,0,0
457,1263.json,1,0,1
458,1223.json,1,1,1
459,263.json,0,0,0
460,1073.json,0,0,0
461,1602.json,0,1,0
462,481.json,1,1,1
463,1072.json,1,1,1
464,1336.json,1,1,1
465,1084.json,0,0,0
466,362.json,0,0,0
467,1448.json,0,0,0
468,52.json,0,0,0
469,1317.json,0,0,0
470,1493.json,1,0,1
471,842.json,0,0,0
472,341.json,0,0,0
473,1683.json,1,1,1
474,548.json,1,0,1
475,1335.json,0,0,0
476,2082.json,0,0,0
477,139.json,0,0,0
478,1406.json,0,0,0
479,2058.json,0,0,0
480,1561.json,1,1,1
481,2003.json,0,0,0
482,821.json,0,0,0
483,1907.json,1,1,1
484,393.json,0,0,0
485,1277.json,1,1,1
486,659.json,0,0,0
487,1340.json,0,0,0
488,1203.json,0,0,0
489,655.json,0,0,0
490,1920.json,1,1,1
491,1596.json,0,0,0
492,1165.json,1,1,1
493,96.json,1,1,1
494,1712.json,0,0,0
495,1869.json,0,0,0
496,261.json,1,1,1
497,1575.json,1,1,1
498,154.json,1,0,1
499,1067.json,0,0,0
500,183.json,1,1,0
501,687.json,1,1,0
502,1847.json,0,0,0
503,1692.json,1,1,1
504,722.json,1,1,1
505,78.json,1,1,1
506,983.json,1,1,0
507,1597.json,0,0,0
508,335.json,0,0,0
509,863.json,1,1,1
510,1716.json,1,1,1
511,402.json,0,0,0
512,156.json,0,0,0
513,185.json,0,0,0
514,1885.json,0,0,0
515,2022.json,1,1,1
516,1815.json,0,0,0
517,1117.json,1,1,1
518,2042.json,0,0,0
519,952.json,1,1,1
520,374.json,0,0,0
521,1259.json,0,0,0
522,195.json,0,0,0
523,1764.json,0,0,0
524,460.json,0,0,0
525,1659.json,1,1,0
526,1601.json,1,1,1
527,168.json,1,1,1
528,1143.json,0,0,0
529,1752.json,0,0,0
530,151.json,1,1,1
531,1465.json,1,1,1
532,1136.json,0,0,0
533,1917.json,1,1,1
534,144.json,1,1,0
535,1106.json,1,1,1
536,1050.json,1,1,1
537,57.json,0,0,0
538,599.json,0,0,0
539,455.json,0,0,0
540,43.json,1,1,1
541,1427.json,1,1,1
542,53.json,0,1,0
543,1797.json,1,1,1
544,1606.json,1,1,1
545,1581.json,1,0,0
546,1310.json,1,1,1
547,350.json,0,0,0
548,1411.json,1,1,1
549,1457.json,0,0,0
550,1481.json,1,0,0
551,850.json,0,0,0
552,90.json,0,0,0
553,1151.json,1,1,1
554,1973.json,1,1,1
555,480.json,0,0,0
556,403.json,1,1,1
557,2067.json,1,0,1
558,463.json,0,0,0
559,1749.json,1,1,1
560,1518.json,1,1,1
561,1181.json,1,1,1
562,1745.json,1,1,1
563,1673.json,0,1,0
564,1738.json,1,1,1
565,1629.json,1,1,1
566,2069.json,1,1,0
567,200.json,0,0,0
568,1844.json,1,0,1
569,1049.json,1,1,1
570,201.json,0,0,0
571,1538.json,0,1,0
572,1667.json,0,0,0
573,407.json,0,0,0
574,47.json,0,0,0
575,243.json,1,0,0
576,1362.json,0,1,0
577,1074.json,0,0,0
578,48.json,0,0,0
579,414.json,0,0,0
580,1612.json,0,0,0
581,1622.json,0,0,0
582,115.json,1,1,1
583,1741.json,0,0,0
584,1179.json,1,1,1
585,908.json,0,0,0
586,1288.json,1,1,1
587,716.json,1,1,1
588,348.json,0,0,0
589,1005.json,0,0,0
590,1571.json,1,1,1
591,1585.json,0,0,0
592,1576.json,0,0,0
593,1212.json,0,0,0
594,196.json,1,1,1
595,2037.json,0,0,0
596,1710.json,0,0,0
597,1391.json,1,1,1
598,213.json,1,1,1
599,680.json,1,1,1
600,1010.json,0,0,0
601,1460.json,1,1,1
602,700.json,1,1,1
603,9.json,1,1,1
604,1967.json,0,0,0
605,2074.json,0,0,0
606,2017.json,0,0,0
607,2046.json,1,1,1
608,1220.json,1,1,1
609,1009.json,1,1,1
610,1806.json,1,1,1
611,1871.json,0,0,0
612,844.json,0,0,0
613,2045.json,1,1,0
614,1324.json,1,0,0
615,624.json,0,0,0
616,1615.json,0,0,0
617,147.json,1,1,1
618,615.json,0,0,0
619,354.json,1,1,1
620,175.json,0,0,0
621,36.json,1,0,1
622,178.json,0,0,0
623,1919.json,1,1,1
624,1700.json,1,1,1
625,325.json,1,1,1
626,41.json,1,1,1
627,286.json,0,0,0
628,1755.json,1,1,1
629,102.json,1,1,1
630,1569.json,0,0,0
631,1746.json,0,0,0
632,2079.json,1,1,1
633,1882.json,0,0,0
634,804.json,0,0,0
635,1695.json,0,0,0
636,788.json,0,0,0
637,86.json,1,1,0
638,307.json,1,1,1
639,1463.json,0,0,0
640,2056.json,1,1,1
641,1825.json,1,1,1
642,690.json,1,1,1
643,945.json,0,0,0
644,1261.json,1,1,1
645,390.json,1,1,0
646,1556.json,0,0,0
647,489.json,0,0,0
648,376.json,0,0,0
649,660.json,0,0,0
650,669.json,0,0,0
651,1510.json,0,0,0
652,170.json,1,1,1
653,1603.json,1,1,1
654,358.json,1,1,0
655,1551.json,0,0,0
656,1791.json,0,0,0
657,924.json,1,1,1
658,1047.json,0,0,0
659,946.json,1,1,0
660,1715.json,0,0,0
661,458.json,0,0,0
662,1937.json,0,0,0
663,1790.json,0,0,0
664,1993.json,0,0,0
665,80.json,1,1,1
666,632.json,0,0,0
667,410.json,0,0,0
668,1835.json,1,0,0
669,326.json,0,0,0
670,1240.json,1,1,1
671,320.json,1,1,1
672,790.json,1,1,1
673,1412.json,0,0,0
674,648.json,0,0,0
675,629.json,1,1,1
676,395.json,1,1,1
677,867.json,0,0,0
678,1489.json,1,0,0
679,928.json,0,0,0
680,552.json,1,1,1
681,807.json,0,0,0
682,1139.json,0,0,0
683,1339.json,1,0,0
684,541.json,0,0,0
685,372.json,0,0,0
686,1504.json,0,0,0
687,301.json,1,1,1
688,955.json,0,0,0
689,79.json,1,1,0
690,1077.json,0,0,0
691,920.json,0,0,0
692,1414.json,0,0,0
693,932.json,1,1,1
694,254.json,1,1,1
695,1630.json,1,0,1
696,818.json,0,0,0
697,1227.json,0,0,0
698,1653.json,0,0,0
699,1228.json,0,0,0
700,152.json,0,0,0
701,824.json,1,0,0
702,777.json,0,1,0
703,727.json,0,0,0
704,994.json,1,0,0
705,1931.json,0,0,0
706,130.json,0,0,0
707,1363.json,1,1,1
708,1470.json,1,1,1
709,1356.json,1,1,1
710,1593.json,1,1,1
711,1450.json,1,1,1
712,935.json,1,1,0
713,1479.json,1,1,1
714,208.json,1,1,1
715,1898.json,0,0,0
716,373.json,1,1,1
717,1980.json,1,1,0
718,1754.json,0,0,0
719,1093.json,0,0,0
720,1956.json,1,1,1
721,2064.json,1,1,1
722,773.json,1,1,1
723,1475.json,1,1,1
724,912.json,0,0,0
725,16.json,1,1,0
726,1446.json,0,0,0
727,845.json,1,0,0
728,1490.json,1,0,1
729,919.json,0,0,0
730,616.json,0,0,0
731,956.json,0,0,0
732,1689.json,0,0,0
733,1499.json,1,1,1
734,469.json,1,1,1
735,2050.json,1,1,1
736,333.json,0,0,0
737,1671.json,1,1,1
738,1547.json,1,1,1
739,1152.json,0,0,0
740,1021.json,0,0,0
741,711.json,0,0,0
742,990.json,1,1,1
743,856.json,0,0,0
744,1807.json,1,1,1
745,212.json,1,1,1
746,931.json,1,1,1
747,1852.json,0,0,0
748,1417.json,0,0,0
749,31.json,1,1,0
750,1274.json,0,0,0
751,515.json,1,1,0
752,1502.json,1,1,1
753,1955.json,0,0,0
754,122.json,0,0,0
755,1361.json,1,1,1
756,1237.json,0,0,0
757,1384.json,1,1,0
758,970.json,1,1,1
759,1559.json,0,0,0
760,1651.json,0,0,0
761,577.json,1,1,1
762,688.json,1,1,1
763,642.json,1,1,1
764,756.json,0,0,0
765,1033.json,1,1,1
766,1641.json,1,1,1
767,560.json,0,0,0
768,1969.json,1,1,1
769,1588.json,0,0,0
770,676.json,1,1,1
771,731.json,0,0,0
772,936.json,1,1,0
773,1822.json,1,0,0
774,1694.json,1,0,0
775,521.json,0,0,0
776,1488.json,1,1,1
777,1906.json,1,1,1
778,1312.json,0,0,0
779,586.json,1,1,1
780,835.json,1,1,1
781,401.json,1,1,1
782,1964.json,0,0,0
783,1948.json,1,1,0
784,902.json,1,1,1
785,1132.json,0,0,0
786,1891.json,0,0,0
787,1395.json,0,0,0
788,2061.json,1,1,1
789,121.json,1,1,1
790,287.json,1,1,1
791,579.json,0,0,0
792,1634.json,0,0,0
793,197.json,0,0,0
794,1052.json,0,0,1
795,1399.json,0,0,0
796,2048.json,0,0,0
797,658.json,0,0,0
798,453.json,0,0,0
799,1849.json,0,0,0
800,1536.json,0,0,0
801,1727.json,0,0,0
802,1855.json,0,0,0
803,627.json,0,0,0
804,13.json,0,1,0
805,792.json,1,0,0
806,1813.json,1,1,1
807,596.json,1,1,1
808,1147.json,1,1,1
809,662.json,0,0,0
810,561.json,0,0,0
811,494.json,0,0,0
812,742.json,1,1,1
813,997.json,0,0,0
814,1373.json,0,0,0
815,1592.json,0,0,0
816,1811.json,0,0,0
817,2036.json,1,1,0
818,1772.json,0,0,0
819,1428.json,1,1,1
820,61.json,0,0,0
821,1580.json,1,1,1
822,137.json,0,0,0
823,503.json,1,1,0
824,476.json,0,0,0
825,553.json,0,1,1
826,232.json,0,0,0
827,1173.json,1,1,1
828,1824.json,1,1,0
829,1768.json,0,0,0
830,1645.json,0,0,0
831,18.json,0,0,0
832,1477.json,0,0,0
833,1186.json,0,0,0
834,1962.json,1,1,1
835,26.json,0,0,0
836,406.json,1,1,1
837,1016.json,0,0,0
838,1648.json,0,0,0
839,1566.json,1,1,1
840,876.json,0,0,0
841,578.json,0,0,0
842,1590.json,1,1,1
843,967.json,1,1,1
844,1014.json,1,1,1
845,674.json,0,0,0
846,1826.json,1,1,1
847,749.json,0,0,0
848,385.json,1,1,1
849,961.json,0,0,0
850,1092.json,0,0,0
851,1730.json,1,1,1
852,64.json,0,0,0
853,1466.json,0,0,0
854,1971.json,0,0,0
855,1908.json,1,1,1
856,763.json,1,1,0
857,504.json,1,1,1
858,535.json,1,1,1
859,1281.json,0,0,0
860,539.json,1,1,0
861,5.json,1,1,1
862,1721.json,0,0,0
863,1909.json,0,1,0
864,820.json,1,0,0
865,871.json,1,1,1
866,182.json,0,0,0
867,927.json,1,1,0
868,1500.json,0,0,0
869,142.json,0,0,0
870,437.json,1,0,1
871,1613.json,0,0,0
872,602.json,1,1,1
873,546.json,1,1,1
874,858.json,1,1,1
875,589.json,0,0,0
876,1780.json,1,1,1
877,292.json,1,1,1
878,1497.json,0,0,0
879,798.json,1,1,0
880,1677.json,0,0,0
881,1877.json,1,1,1
882,89.json,1,0,0
883,959.json,0,0,0
884,219.json,1,1,0
885,1701.json,1,1,0
886,1652.json,0,1,0
887,2043.json,0,0,0
888,1378.json,0,0,0
889,825.json,1,1,0
890,915.json,0,0,0
891,883.json,0,0,0
892,1578.json,1,1,1
893,1415.json,0,0,0
894,1498.json,0,0,0
895,1491.json,0,0,0
896,1078.json,1,1,1
897,1485.json,1,1,1
898,733.json,1,1,1
899,371.json,0,1,0
900,276.json,0,0,0
901,189.json,1,1,1
902,330.json,1,1,1
903,938.json,0,1,0
904,682.json,0,0,0
905,223.json,0,0,0
906,1243.json,1,0,1
907,1974.json,1,0,0
908,532.json,0,1,0
909,2049.json,0,0,0
910,581.json,0,1,0
911,1554.json,0,0,0
912,1357.json,0,0,0
913,1621.json,1,1,1
914,394.json,0,0,0
915,604.json,0,0,0
916,56.json,0,0,0
917,495.json,1,1,0
918,2013.json,1,0,0
919,1965.json,1,1,1
920,0.json,1,0,1
921,916.json,0,0,0
922,1690.json,0,0,0
923,523.json,0,0,0
924,744.json,1,1,0
925,1883.json,1,1,0
926,1162.json,0,1,0
927,12.json,1,1,1
928,92.json,1,1,1
929,1366.json,0,0,0
930,1172.json,0,0,0
931,76.json,1,0,0
932,1113.json,0,0,0
933,555.json,0,1,0
934,1410.json,0,0,0
935,1158.json,0,0,0
936,30.json,1,0,0
937,1799.json,1,1,0
938,603.json,1,1,1
939,1.json,0,0,0
940,370.json,1,1,1
941,1201.json,0,0,0
942,514.json,1,1,0
943,685.json,1,1,1
944,1184.json,1,1,1
945,227.json,0,0,0
946,1037.json,1,1,1
947,1861.json,1,1,1
948,1004.json,0,0,0
949,191.json,0,0,0
950,544.json,1,1,1
951,1649.json,1,0,1
952,1744.json,0,1,0
953,420.json,0,0,0
954,1728.json,1,1,1
955,861.json,0,0,0
956,865.json,1,0,0
957,998.json,0,0,0
958,368.json,0,0,0
959,1370.json,1,1,1
960,1295.json,1,1,1
961,1888.json,0,0,0
962,1002.json,0,0,1
963,1560.json,1,1,1
964,1215.json,1,1,1
965,268.json,1,1,1
966,1628.json,0,0,0
967,387.json,1,1,0
968,1290.json,0,0,0
969,1514.json,1,1,1
970,1838.json,0,0,0
971,1257.json,0,0,0
972,868.json,0,0,0
973,1850.json,1,1,1
974,1189.json,0,0,0
975,1315.json,1,1,0
976,2041.json,1,1,1
977,1255.json,0,0,0
978,984.json,0,0,0
979,882.json,1,0,0
980,1112.json,0,0,0
981,893.json,0,0,0
982,1788.json,1,1,0
983,1207.json,0,0,0
984,594.json,1,1,1
985,606.json,1,1,1
986,563.json,1,1,1
987,1398.json,1,1,1
988,408.json,0,0,0
989,1380.json,1,1,0
990,1250.json,1,1,1
991,1707.json,0,0,0
992,1268.json,1,1,0
993,607.json,1,1,0
994,1296.json,0,0,0
995,187.json,0,0,0
996,992.json,0,0,0
997,117.json,0,0,0
998,1624.json,0,0,0
999,1141.json,1,1,1
1000,1273.json,1,1,1
1001,391.json,1,1,0
1002,210.json,0,0,0
1003,1182.json,0,0,0
1004,631.json,0,0,0
1005,877.json,0,0,0
1006,1218.json,1,0,0
1007,1687.json,1,1,1
1008,1679.json,0,0,0
1009,236.json,1,1,1
1010,1958.json,1,1,0
1011,1374.json,1,1,1
1012,1935.json,1,1,1
1013,582.json,1,1,1
1014,1574.json,1,1,1
1015,193.json,1,1,1
1016,1513.json,0,0,0
1017,522.json,0,0,0
1018,119.json,0,0,0
1019,1345.json,0,0,0
1020,1591.json,1,1,1
1021,1196.json,0,0,0
1022,439.json,0,0,0
1023,497.json,1,1,1
1024,1260.json,1,1,0
1025,1647.json,0,0,0
1026,206.json,1,0,0
1027,295.json,1,1,1
1028,271.json,1,1,1
1029,1904.json,0,0,0
1030,1953.json,1,1,0
1031,1699.json,1,1,1
1032,1851.json,1,1,0
1033,27.json,1,0,0
1034,1925.json,0,0,0
1035,349.json,0,0,0
1036,1422.json,0,0,0
1037,1939.json,1,1,1
1038,1104.json,0,0,0
1039,517.json,0,0,0
1040,1539.json,0,0,0
1041,1857.json,1,0,0
1042,530.json,0,1,0
1043,750.json,0,0,0
1044,1519.json,0,0,0
1045,441.json,1,1,1
1046,736.json,0,0,0
1047,462.json,1,1,1
1048,702.json,1,1,0
1049,1848.json,0,0,0
1050,622.json,1,1,1
1051,654.json,1,1,1
1052,377.json,1,1,1
1053,123.json,0,0,0
1054,192.json,1,1,1
1055,338.json,0,0,0
1056,181.json,0,0,0
1057,1459.json,0,0,0
1058,363.json,1,1,1
1059,1039.json,1,1,1
1060,1805.json,0,0,0
1061,729.json,1,1,1
1062,65.json,1,1,0
1063,1055.json,0,0,0
1064,256.json,1,1,1
1065,1447.json,0,0,0
1066,423.json,0,0,0
1067,1294.json,0,0,0
1068,628.json,1,0,0
1069,740.json,0,0,0
1070,1103.json,1,1,1
1071,91.json,1,1,1
1072,1167.json,0,0,0
1073,764.json,1,0,1
1074,104.json,1,1,1
1075,1760.json,0,0,0
1076,454.json,0,0,0
1077,1247.json,1,1,1
1078,769.json,1,1,1
1079,653.json,1,1,0
1080,1252.json,1,1,1
1081,975.json,1,1,0
1082,252.json,1,1,1
1083,49.json,1,1,0
1084,1809.json,0,1,0
1085,67.json,1,1,1
1086,1568.json,0,0,0
1087,1638.json,0,0,0
1088,1662.json,0,0,0
1089,677.json,0,1,0
1090,1343.json,0,0,0
1091,1435.json,0,0,0
1092,1912.json,0,0,0
1093,1234.json,1,1,1
1094,1176.json,0,0,0
1095,780.json,1,0,0
1096,1392.json,0,0,0
1097,810.json,1,1,1
1098,1086.json,0,0,0
1099,2028.json,0,0,0
1100,485.json,0,0,0
1101,255.json,1,1,1
1102,1351.json,1,1,1
1103,1884.json,1,1,1
1104,1256.json,0,0,0
1105,1501.json,0,0,0
1106,140.json,1,0,0
1107,1169.json,0,0,0
1108,1035.json,1,1,1
1109,345.json,0,1,0
1110,1071.json,0,0,0
1111,392.json,1,1,1
1112,1425.json,1,1,0
1113,639.json,0,0,0
1114,289.json,1,1,1
1115,83.json,0,0,0
1116,2078.json,1,1,1
1117,1954.json,1,1,1
1118,822.json,0,0,0
1119,1522.json,1,0,0
1120,670.json,1,1,1
1121,162.json,1,1,1
1122,2030.json,1,1,1
1123,1876.json,1,1,1
1124,328.json,0,0,0
1125,1350.json,1,1,1
1126,772.json,1,1,1
1127,343.json,1,1,1
1128,1570.json,1,1,1
1129,366.json,1,1,1
1130,1338.json,0,0,0
1131,1205.json,0,0,0
1132,174.json,0,0,0
1133,710.json,1,1,0
1134,1803.json,1,1,1
1135,646.json,0,0,0
1136,2006.json,1,1,1
1137,1177.json,1,1,1
1138,1213.json,1,1,1
1139,169.json,1,1,1
1140,2047.json,1,1,0
1141,2004.json,1,1,0
1142,1480.json,0,0,0
1143,246.json,0,0,0
1144,695.json,0,0,0
1145,20.json,0,0,0
1146,1748.json,0,0,0
1147,1416.json,0,0,0
1148,1059.json,0,0,0
1149,250.json,1,1,1
1150,267.json,0,0,0
1151,1484.json,1,1,1
1152,66.json,0,0,0
1153,2040.json,1,1,1
1154,1777.json,0,1,0
1155,355.json,0,0,0
1156,203.json,0,0,0
1157,1372.json,1,1,1
1158,1549.json,1,1,1
1159,1565.json,0,0,0
1160,784.json,0,0,0
1161,1792.json,0,0,0
1162,554.json,1,1,1
1163,1444.json,1,1,1
1164,443.json,1,1,1
1165,567.json,1,1,1
1166,283.json,1,1,1
1167,694.json,1,1,1
1168,331.json,0,0,0
1169,826.json,0,1,0
1170,2044.json,0,0,0
1171,536.json,1,1,1
1172,1577.json,0,0,0
1173,1403.json,1,1,1
1174,1784.json,1,1,1
1175,1516.json,0,0,0
1176,1314.json,1,1,1
1177,957.json,1,0,0
1178,419.json,0,0,0
1179,1688.json,1,1,0
1180,1193.json,0,0,0
1181,1763.json,0,0,0
1182,2023.json,1,1,1
1183,888.json,0,0,0
1184,758.json,1,1,1
1185,239.json,0,1,0
1186,869.json,0,0,0
1187,1523.json,1,1,1
1188,1989.json,0,0,0
1189,1782.json,1,0,0
1190,1503.json,1,1,1
1191,841.json,0,0,0
1192,799.json,1,1,1
1193,7.json,1,1,0
1194,1793.json,1,1,1
1195,1202.json,1,1,1
1196,885.json,0,1,0
1197,848.json,1,1,1
1198,488.json,0,0,0
1199,2086.json,0,0,0
1200,160.json,0,0,0
1201,585.json,1,1,1
1202,415.json,0,0,0
1203,2008.json,0,1,0
1204,1025.json,1,1,1
1205,507.json,1,1,1
1206,118.json,0,0,0
1207,540.json,0,0,0
1208,388.json,1,1,1
1209,347.json,1,1,1
1210,449.json,1,1,0
1211,929.json,0,0,0
1212,1770.json,1,1,1
1213,1108.json,0,0,0
1214,1300.json,0,0,0
1215,1311.json,0,0,0
1216,626.json,1,1,1
1217,1558.json,1,1,1
1218,305.json,0,0,0
1219,1388.json,1,1,0
1220,621.json,0,0,0
1221,721.json,1,1,1
1222,1709.json,0,0,0
1223,979.json,0,0,0
1224,351.json,0,0,0
1225,1303.json,0,0,0
1226,1940.json,1,0,0
1227,2071.json,1,1,1
1228,679.json,1,1,0
1229,1827.json,0,0,0
1230,1529.json,0,0,0
1231,801.json,1,1,1
1232,81.json,0,0,0
1233,1607.json,1,1,1
1234,1064.json,1,1,1
1235,827.json,1,1,1
1236,1957.json,0,0,0
1237,1030.json,0,0,0
1238,1998.json,0,0,0
1239,264.json,1,0,0
1240,1061.json,0,0,0
1241,1225.json,0,0,0
1242,1083.json,1,1,1
1243,1821.json,0,0,0
1244,542.json,1,1,1
1245,209.json,1,1,1
1246,1994.json,1,1,1
1247,1626.json,0,0,0
1248,913.json,0,0,0
1249,1737.json,1,0,0
1250,99.json,1,1,1
1251,297.json,0,0,0
1252,404.json,1,0,1
1253,319.json,0,0,0
1254,1800.json,0,1,0
1255,814.json,1,1,1
1256,464.json,1,1,1
1257,1623.json,0,0,0
1258,2057.json,0,0,0
1259,781.json,1,0,0
1260,1171.json,1,1,1
1261,1238.json,0,0,0
1262,1308.json,1,1,1
1263,308.json,1,1,1
1264,229.json,1,1,1
1265,1125.json,0,1,0
1266,1180.json,1,1,1
1267,667.json,1,1,1
1268,135.json,0,0,0
1269,1856.json,0,0,0
1270,1309.json,1,1,1
1271,306.json,1,1,1
1272,1096.json,0,0,0
1273,125.json,0,0,0
1274,1633.json,0,0,0
1275,1992.json,0,0,0
1276,1122.json,0,1,0
1277,1347.json,1,1,1
1278,1977.json,0,0,0
1279,1742.json,0,0,0
1280,760.json,0,0,0
1281,947.json,1,1,1
1282,590.json,0,0,0
1283,1663.json,0,0,0
1284,247.json,1,1,1
1285,1062.json,1,1,1
1286,1972.json,1,0,0
1287,1048.json,1,1,1
1288,1008.json,0,0,0
1289,120.json,1,1,1
1290,805.json,0,0,0
1291,1156.json,1,1,1
1292,304.json,1,1,1
1293,380.json,0,0,0
1294,1462.json,0,0,0
1295,1393.json,1,1,1
1296,1718.json,0,0,0
1297,1572.json,1,1,0
1298,1642.json,1,1,1
1299,783.json,1,1,1
1300,673.json,0,1,0
1301,2038.json,1,1,1
1302,186.json,1,1,1
1303,233.json,1,1,1
1304,797.json,1,1,1
1305,1069.json,0,0,0
1306,248.json,0,0,0
1307,2012.json,0,0,0
1308,1927.json,1,1,1
1309,1986.json,0,0,0
1310,1355.json,1,0,1
1311,1685.json,1,1,1
1312,412.json,1,1,1
1313,1221.json,1,1,1
1314,1065.json,0,0,0
1315,1178.json,0,1,0
1316,1469.json,1,1,0
1317,1555.json,1,1,1
1318,686.json,1,1,1
1319,1454.json,1,1,1
1320,1044.json,1,1,1
1321,1567.json,0,0,0
1322,1636.json,0,0,0
1323,1404.json,0,0,0
1324,467.json,1,0,0
1325,1839.json,1,1,1
1326,525.json,0,0,0
1327,859.json,1,0,0
1328,1868.json,0,0,0
1329,73.json,0,0,0
1330,173.json,0,1,0
1331,1254.json,0,0,0
1332,1434.json,1,1,1
1333,1507.json,1,1,1
1334,155.json,0,0,0
1335,2027.json,0,0,0
1336,1424.json,1,1,1
1337,644.json,0,0,0
1338,1031.json,0,1,0
1339,291.json,1,1,1
1340,431.json,0,0,0
1341,405.json,1,1,1
1342,1930.json,1,1,1
1343,1831.json,0,0,0
1344,612.json,0,0,0
1345,843.json,0,1,0
1346,1900.json,0,0,0
1347,1557.json,0,0,0
1348,1451.json,1,1,1
1349,1029.json,1,1,1
1350,146.json,1,1,1
1351,1110.json,0,0,0
1352,755.json,1,1,1
1353,1012.json,0,0,0
1354,879.json,1,0,0
1355,608.json,1,1,1
1356,1421.json,1,0,1
1357,839.json,1,1,1
1358,361.json,0,0,0
1359,1402.json,0,0,0
1360,634.json,0,0,0
1361,974.json,0,0,0
1362,1334.json,0,0,0
1363,529.json,1,1,0
1364,1918.json,1,1,1
1365,1604.json,1,1,1
1366,1163.json,1,1,1
1367,528.json,0,0,0
1368,34.json,0,0,0
1369,1387.json,1,1,1
1370,84.json,0,0,0
1371,138.json,0,0,0
1372,635.json,0,0,0
1373,838.json,0,1,0
1374,444.json,0,0,0
1375,1330.json,1,1,1
1376,1349.json,1,1,1
1377,251.json,0,0,0
1378,317.json,0,0,0
1379,1471.json,1,1,1
1380,198.json,0,0,0
1381,1383.json,0,0,0
1382,874.json,0,0,0
1383,989.json,0,0,0
1384,1506.json,1,1,1
1385,42.json,1,1,1
1386,1520.json,1,1,0
1387,697.json,0,0,0
1388,1286.json,0,0,0
1389,537.json,0,0,0
1390,1313.json,0,0,0
1391,1134.json,0,0,0
1392,384.json,1,1,0
1393,1053.json,1,1,1
1394,881.json,0,0,0
1395,2000.json,1,1,1
1396,1441.json,0,0,0
1397,598.json,1,1,1
1398,1101.json,0,0,0
1399,1081.json,1,0,1
1400,1812.json,1,1,1
1401,671.json,0,0,0
1402,1987.json,1,1,1
1403,2010.json,1,1,1
1404,359.json,0,0,0
1405,352.json,0,0,0
1406,397.json,1,1,0
1407,111.json,0,0,0
1408,2016.json,1,1,1
1409,1832.json,0,0,0
1410,1371.json,0,0,0
1411,436.json,0,0,0
1412,1258.json,0,0,0
1413,1731.json,1,1,0
1414,215.json,0,0,0
1415,568.json,0,0,0
1416,322.json,1,1,1
1417,71.json,0,0,0
1418,17.json,1,0,0
1419,1541.json,0,0,0
1420,725.json,1,1,1
1421,973.json,1,1,1
1422,1983.json,0,0,0
1423,432.json,0,0,0
1424,1532.json,1,1,1
1425,1866.json,1,1,1
1426,1153.json,1,0,0
1427,1418.json,1,1,1
1428,1859.json,1,1,1
1429,1452.json,0,0,0
1430,1911.json,0,0,0
1431,1097.json,1,1,1
1432,1020.json,1,1,1
1433,816.json,0,0,0
1434,1276.json,0,0,0
1435,426.json,0,0,0
1436,1075.json,1,1,1
1437,1038.json,1,1,1
1438,2014.json,0,0,0
1439,1375.json,0,0,0
1440,1950.json,0,0,0
1441,75.json,0,1,0
1442,569.json,1,1,1
1443,808.json,0,0,0
1444,202.json,0,0,0
1445,435.json,1,1,1
1446,179.json,1,1,1
1447,70.json,0,0,0
1448,1040.json,1,1,1
1449,2052.json,1,0,1
1450,2024.json,0,1,0
1451,128.json,1,1,1
1452,1910.json,1,1,1
1453,1837.json,1,1,1
1454,1100.json,0,0,0
1455,1332.json,0,0,0
1456,1750.json,0,0,0
1457,570.json,0,0,0
1458,482.json,1,1,1
1459,1801.json,0,1,0
1460,1161.json,1,1,1
1461,574.json,0,0,0
1462,82.json,0,0,0
1463,1682.json,1,1,1
1464,526.json,1,1,1
1465,665.json,1,1,1
1466,703.json,1,1,0
1467,150.json,1,1,1
1468,314.json,1,1,0
1469,625.json,1,1,1
1470,778.json,1,1,1
1471,1890.json,0,0,0
1472,533.json,0,0,0
1473,1951.json,1,0,0
1474,1787.json,1,0,0
1475,786.json,0,0,0
1476,1118.json,1,1,1
1477,894.json,1,1,1
1478,730.json,0,0,0
1479,1878.json,1,1,1
1480,1369.json,0,0,0
1481,1804.json,0,0,0
1482,986.json,0,0,0
1483,421.json,1,1,1
1484,1305.json,0,0,0
1485,4.json,0,0,0
1486,1933.json,0,0,0
1487,1635.json,1,1,1
1488,2055.json,0,0,0
1489,921.json,0,0,0
1490,19.json,0,0,0
1491,272.json,0,0,0
1492,1222.json,0,0,0
1493,1298.json,1,1,1
1494,1708.json,1,1,1
1495,847.json,1,1,1
1496,245.json,0,0,0
1497,1230.json,0,0,0
1498,1124.json,0,0,0
1499,28.json,0,0,0
1500,220.json,1,1,1
1501,1188.json,1,1,1
1502,77.json,1,1,1
1503,834.json,0,0,0
1504,188.json,1,1,1
1505,1015.json,1,1,1
1506,164.json,0,0,0
1507,1553.json,0,0,0
1508,559.json,1,1,1
1509,231.json,0,0,0
1510,1747.json,1,1,1
1511,1467.json,1,1,1
1512,38.json,0,0,0
1513,1197.json,0,0,0
1514,1280.json,0,0,0
1515,1751.json,0,0,0
1516,1875.json,0,0,0
1517,37.json,0,0,0
1518,1279.json,0,0,0
1519,1253.json,1,1,0
1520,906.json,0,0,0
1521,1639.json,0,0,0
1522,923.json,1,1,0
1523,732.json,0,0,0
1524,274.json,1,1,1
1525,378.json,0,0,0
1526,302.json,1,1,1
1527,1531.json,0,0,0
1528,1976.json,1,1,1
1529,2054.json,0,0,0
1530,2077.json,0,0,0
1531,1187.json,1,1,1
1532,240.json,1,1,0
1533,2059.json,1,1,0
1534,1841.json,1,1,1
1535,1545.json,1,1,1
1536,1032.json,0,0,0
1537,1382.json,0,0,0
1538,1774.json,0,0,0
1539,8.json,0,1,0
1540,527.json,0,0,0
1541,1284.json,0,0,0
1542,562.json,0,1,0
1543,592.json,0,0,0
1544,1656.json,0,0,0
1545,1991.json,0,0,0
1546,1999.json,1,1,1
1547,199.json,0,0,0
1548,1085.json,1,1,1
1549,1533.json,1,0,0
1550,1036.json,1,1,1
1551,1022.json,1,1,1
1552,1528.json,1,1,1
1553,1703.json,1,1,0
1554,1765.json,0,0,0
1555,696.json,0,0,0
1556,776.json,1,1,1
1557,1368.json,1,1,1
1558,1543.json,0,0,0
1559,1063.json,0,0,0
1560,132.json,0,0,0
1561,235.json,0,0,0
1562,1455.json,1,1,1
1563,516.json,1,0,0
1564,184.json,0,0,0
1565,951.json,0,0,0
1566,958.json,1,0,1
1567,486.json,0,0,0
1568,450.json,0,0,0
1569,583.json,1,1,1
1570,282.json,0,0,0
1571,1267.json,0,0,0
1572,1354.json,1,1,1
1573,1668.json,1,1,1
1574,1154.json,0,0,0
1575,1676.json,1,1,1
1576,1512.json,1,1,1
1577,1739.json,0,0,0
1578,1564.json,0,0,0
1579,609.json,0,1,0
1580,1232.json,1,1,0
1581,318.json,0,0,0
1582,216.json,1,1,0
1583,991.json,1,1,1
1584,163.json,1,1,1
1585,108.json,0,0,0
1586,993.json,1,1,0
1587,746.json,0,0,0
1588,1896.json,1,1,0
1589,1321.json,0,0,0
1590,1190.json,0,0,0
1591,1985.json,1,1,0
1592,1148.json,0,0,0
1593,45.json,1,1,0
1594,1360.json,1,1,1
1595,886.json,0,1,0
1596,538.json,1,1,1
1597,493.json,0,0,0
1598,433.json,0,0,0
1599,490.json,1,1,1
1600,141.json,0,0,0
1601,573.json,0,0,0
1602,1057.json,0,0,0
1603,1733.json,1,1,1
1604,204.json,1,1,1
1605,1886.json,0,0,0
1606,55.json,1,1,1
1607,901.json,0,0,0
1608,917.json,1,1,1
1609,1818.json,0,0,0
1610,630.json,0,0,0
1611,1934.json,1,1,1
1612,364.json,1,1,1
1613,1640.json,1,1,1
1614,1233.json,1,1,0
1615,1432.json,0,0,0
1616,1023.json,1,1,1
1617,1226.json,1,1,1
1618,23.json,0,0,0
1619,1650.json,1,1,1
1620,1736.json,1,1,1
1621,1229.json,0,0,0
1622,1887.json,1,1,1
1623,545.json,1,1,1
1624,1681.json,0,0,0
1625,1217.json,0,0,0
1626,425.json,0,0,0
1627,1719.json,1,1,1
1628,1902.json,1,1,1
1629,300.json,1,1,1
1630,194.json,1,1,0
1631,1224.json,0,0,0
1632,1995.json,0,0,0
1633,728.json,0,0,0
1634,2039.json,1,1,0
1635,977.json,1,1,0
1636,508.json,0,0,0
1637,811.json,1,1,1
1638,543.json,0,0,0
1639,1921.json,0,1,0
1640,499.json,1,1,0
1641,238.json,1,1,0
1642,870.json,1,1,1
1643,1299.json,0,0,0
1644,761.json,0,0,0
1645,6.json,0,0,0
1646,468.json,0,0,0
1647,237.json,1,1,1
1648,430.json,0,0,0
1649,1563.json,0,0,0
1650,1829.json,1,1,1
1651,1476.json,1,1,1
1652,976.json,0,0,0
1653,218.json,0,0,0
1654,367.json,1,1,0
1655,558.json,0,0,0
1656,1637.json,1,1,1
1657,618.json,1,1,1
1658,131.json,1,1,1
1659,269.json,1,1,1
1660,496.json,1,0,0
1661,699.json,0,1,0
1662,1724.json,0,0,0
1663,1526.json,1,1,1
1664,1820.json,0,0,0
1665,1952.json,1,1,0
1666,1464.json,0,0,0
1667,1248.json,0,0,0
1668,2034.json,0,0,0
1669,601.json,1,1,1
1670,2066.json,0,0,0
1671,2002.json,0,0,0
1672,857.json,0,0,0
1673,795.json,1,1,1
1674,159.json,0,0,0
1675,161.json,0,0,0
1676,1087.json,1,1,1
1677,114.json,1,1,1
1678,312.json,0,0,0
1679,1691.json,1,0,0
1680,1870.json,0,0,0
1681,651.json,0,0,0
1682,1231.json,1,1,1
1683,63.json,0,0,0
1684,968.json,0,1,0
1685,741.json,0,0,0
1686,1610.json,0,0,0
1687,483.json,1,1,1
1688,1492.json,0,0,0
1689,1269.json,1,1,1
1690,698.json,0,0,0
1691,1657.json,1,1,1
1692,1895.json,0,0,0
1693,1675.json,1,1,1
1694,1905.json,1,1,0
1695,892.json,0,0,0
1696,2029.json,1,1,1
1697,757.json,1,1,0
1698,1802.json,0,0,0
1699,550.json,0,0,0
1700,1337.json,1,1,1
1701,895.json,0,0,0
1702,396.json,0,0,0
1703,832.json,0,0,0
1704,416.json,0,0,0
1705,1589.json,1,0,1
1706,475.json,0,0,0
1707,249.json,1,1,1
1708,1599.json,1,1,1
1709,1426.json,1,1,1
1710,1348.json,1,1,1
1711,1542.json,1,1,1
1712,1386.json,1,1,1
1713,2018.json,0,0,0
1714,1631.json,0,0,0
1715,2062.json,0,0,0
1716,1099.json,0,0,0
1717,1293.json,0,0,0
1718,316.json,1,1,1
1719,1449.json,0,0,0
1720,717.json,1,1,1
1721,681.json,1,1,0
1722,1922.json,1,1,1
1723,1550.json,0,0,0
1724,1614.json,0,0,0
1725,793.json,0,0,0
1726,1394.json,1,1,1
1727,668.json,1,0,0
1728,1723.json,1,1,1
1729,327.json,0,0,0
1730,1352.json,0,0,0
1731,369.json,1,1,1
1732,1264.json,1,1,1
1733,840.json,0,0,0
1734,74.json,1,1,1
1735,1915.json,0,1,0
1736,890.json,0,0,0
1737,1846.json,0,1,0
1738,735.json,0,0,0
1739,720.json,1,1,0
1740,762.json,1,1,1
1741,226.json,1,1,1
1742,713.json,1,1,1
1743,2087.json,0,0,0
1744,284.json,1,1,1
1745,1145.json,0,0,0
1746,837.json,0,1,0
1747,898.json,0,0,0
1748,689.json,0,0,0
1749,1396.json,1,1,1
1750,666.json,1,1,1
1751,339.json,0,0,0
1752,880.json,1,0,0
1753,2015.json,1,1,0
1754,1726.json,0,0,0
1755,905.json,0,0,0
1756,357.json,1,1,1
1757,95.json,1,1,1
1758,1168.json,1,1,1
1759,707.json,0,1,0
1760,887.json,1,1,1
1761,1342.json,1,1,1
1762,44.json,1,1,1
1763,262.json,1,1,1
1764,580.json,0,0,0
1765,1155.json,1,1,1
1766,718.json,1,1,1
1767,1608.json,0,0,0
1768,1159.json,1,1,1
1769,1235.json,0,0,0
1770,167.json,1,1,1
1771,1525.json,0,0,0
1772,1717.json,1,1,1
1773,1326.json,1,1,1
1774,1119.json,1,1,1
1775,166.json,1,1,1
1776,461.json,1,1,1
1777,3.json,0,0,0
1778,1899.json,0,0,0
1779,502.json,1,1,1
1780,1776.json,0,0,0
1781,1138.json,1,1,1
1782,617.json,0,0,0
1783,1359.json,1,0,0
1784,456.json,1,1,1
1785,10.json,0,0,0
1786,1436.json,0,1,0
1787,2032.json,1,1,1
1788,409.json,1,1,0
1789,747.json,1,0,1
1790,1495.json,0,0,0
1791,68.json,1,1,0
1792,116.json,1,1,1
1793,1874.json,1,1,1
1794,479.json,0,0,0
1795,966.json,0,1,0
1796,796.json,0,0,0
1797,1562.json,1,1,1
1798,165.json,1,1,1
1799,884.json,1,1,1
1800,948.json,0,0,0
1801,1325.json,1,1,0
1802,1881.json,1,1,0
1803,1219.json,0,0,0
1804,1001.json,0,0,1
1805,1486.json,0,0,0
1806,1323.json,1,1,1
1807,260.json,1,1,1
1808,684.json,1,1,0
1809,960.json,0,1,0
1810,1000.json,0,0,0
1811,1440.json,1,1,1
1812,830.json,0,0,0
1813,1521.json,0,0,0
1814,1758.json,0,0,0
1815,972.json,0,0,0
1816,1863.json,0,0,0
1817,1246.json,0,0,0
1818,1913.json,1,1,0
1819,1129.json,0,0,1
1820,1982.json,1,1,1
1821,1045.json,0,0,0
1822,1808.json,0,1,0
1823,472.json,0,0,0
1824,779.json,1,1,1
1825,1783.json,0,0,0
1826,50.json,1,1,1
1827,382.json,0,0,0
1828,25.json,1,1,1
1829,230.json,0,0,0
1830,98.json,1,1,1
1831,126.json,1,1,1
1832,2033.json,1,1,1
1833,1740.json,0,0,0
1834,133.json,1,1,1
1835,1949.json,0,0,0
1836,1609.json,1,1,1
1837,1946.json,1,1,1
1838,1579.json,0,0,0
1839,1665.json,1,1,0
1840,1961.json,0,0,0
1841,1872.json,1,1,0
1842,478.json,1,1,1
1843,556.json,1,1,1
1844,1478.json,1,1,1
1845,1725.json,1,1,1
1846,14.json,1,0,0
1847,1208.json,1,1,1
1848,1341.json,1,1,1
1849,1381.json,0,0,0
1850,933.json,1,1,1
1851,1365.json,0,0,0
1852,1938.json,0,0,0
1853,217.json,1,1,0
1854,714.json,0,0,0
1855,953.json,0,0,0
1856,1316.json,1,1,0
1857,587.json,1,1,1
1858,1693.json,1,1,1
1859,1618.json,0,0,0
1860,637.json,0,0,0
1861,1307.json,0,0,0
1862,1133.json,1,1,1
1863,429.json,0,0,0
1864,1483.json,0,0,0
1865,1960.json,1,1,1
1866,381.json,0,0,0
1867,1013.json,1,1,1
1868,1684.json,1,1,1
1869,1458.json,0,0,0
1870,1836.json,0,0,0
1871,1810.json,0,0,0
1872,1419.json,1,1,1
1873,610.json,0,0,0
1874,1194.json,1,1,1
1875,891.json,0,0,0
1876,29.json,0,0,0
1877,787.json,1,1,0
1878,620.json,0,0,0
1879,1445.json,0,0,0
1880,447.json,1,1,1
1881,1127.json,0,0,0
1882,1289.json,0,0,0
1883,614.json,0,0,0
1884,1757.json,0,0,0
1885,623.json,0,0,0
1886,211.json,0,1,0
1887,941.json,1,1,0
1888,285.json,1,1,1
1889,180.json,0,0,0
1890,1433.json,1,0,0
1891,303.json,1,1,1
1892,1024.json,1,1,1
1893,1401.json,0,0,0
1894,909.json,0,1,0
1895,222.json,1,1,1
1896,1658.json,0,0,0
1897,1175.json,1,0,0
1898,205.json,0,0,0
1899,2089.json,1,1,1
1900,1027.json,1,1,1
1901,1278.json,0,0,0
1902,1537.json,0,0,0
1903,293.json,1,1,1
1904,1828.json,0,0,0
1905,1318.json,1,1,1
1906,926.json,0,0,0
1907,1199.json,0,0,0
1908,62.json,1,1,1
1909,452.json,0,0,0
1910,739.json,0,0,0
1911,1743.json,0,0,0
1912,2019.json,1,1,0
1913,1616.json,0,0,0
1914,1678.json,1,1,0
1915,171.json,1,1,1
1916,743.json,1,1,0
1917,988.json,1,1,1
1918,593.json,0,0,0
1919,1206.json,1,1,0
1920,971.json,0,1,0
1921,510.json,0,0,0
1922,649.json,1,1,0
1923,791.json,0,0,0
1924,782.json,1,1,1
1925,1128.json,1,0,0
1926,1209.json,1,1,1
1927,584.json,0,0,0
1928,296.json,0,0,0
1929,663.json,0,0,0
1930,2083.json,1,1,1
1931,611.json,1,1,1
1932,1823.json,0,0,0
1933,2035.json,1,1,1
1934,1781.json,1,1,1
1935,1865.json,0,1,0
1936,310.json,0,0,0
1937,413.json,0,0,0
1938,1409.json,1,1,1
1939,491.json,0,1,0
1940,829.json,1,1,1
1941,1786.json,0,1,0
1942,106.json,0,0,0
1943,24.json,0,0,0
1944,1600.json,0,0,0
1945,313.json,0,0,0
1946,930.json,1,1,1
1947,290.json,1,1,0
1948,872.json,1,1,1
1949,457.json,1,1,1
1950,1251.json,1,1,1
1951,1266.json,0,0,0
1952,1423.json,1,1,1
1953,88.json,1,1,0
1954,513.json,0,0,0
1955,265.json,0,0,0
1956,709.json,0,0,0
1957,748.json,1,1,1
1958,1034.json,0,0,0
1959,1306.json,0,0,0
1960,1586.json,1,1,1
1961,112.json,1,0,0
1962,1947.json,0,1,0
1963,1524.json,1,1,1
1964,1149.json,1,1,0
1965,1006.json,1,1,1
1966,1098.json,1,1,1
1967,715.json,0,0,0
1968,446.json,1,1,1
1969,511.json,1,0,0
1970,1672.json,1,1,1
1971,1214.json,0,0,0
1972,643.json,0,0,0
1973,1297.json,0,0,0
1974,1527.json,0,0,0
1975,273.json,1,1,1
1976,129.json,0,1,0
1977,1595.json,0,1,0
1978,1785.json,1,1,1
1979,1390.json,1,1,1
1980,1795.json,1,1,1
1981,1070.json,0,0,0
1982,752.json,1,1,0
1983,1632.json,1,1,1
1984,1291.json,0,0,0
1985,512.json,0,0,0
1986,664.json,1,1,1
1987,1860.json,1,1,1
1988,110.json,1,1,1
1989,1584.json,0,0,0
1990,1666.json,0,1,0
1991,1082.json,0,1,0
1992,1540.json,1,1,1
1993,1654.json,0,0,0
1994,1210.json,1,1,1
1995,1990.json,1,0,0
1996,2001.json,1,1,1
1997,176.json,0,0,0
1998,389.json,1,1,1
1999,1988.json,1,1,0
2000,97.json,1,1,0
2001,438.json,1,1,1
2002,954.json,0,0,0
2003,299.json,0,0,0
2004,1142.json,0,0,0
2005,705.json,1,1,1
2006,1367.json,0,0,0
2007,866.json,0,1,0
2008,1105.json,1,1,1
2009,1756.json,0,0,0
2010,1211.json,0,0,0
2011,1598.json,0,0,0
2012,411.json,1,1,1
2013,1429.json,0,0,0
2014,1242.json,1,1,1
2015,1270.json,0,0,0
2016,520.json,1,1,0
2017,157.json,1,1,1
2018,2011.json,1,1,1
2019,1275.json,1,1,1
2020,557.json,0,0,0
2021,353.json,1,1,1
2022,360.json,0,0,0
2023,897.json,0,0,0
2024,1981.json,1,1,1
2025,473.json,0,0,0
2026,862.json,1,1,1
2027,2084.json,1,1,1
2028,1135.json,1,1,1
2029,1204.json,0,0,0
2030,136.json,1,1,1
2031,1066.json,1,1,1
2032,1713.json,1,1,1
2033,1496.json,0,0,0
2034,1090.json,1,1,1
2035,1617.json,0,0,0
2036,1236.json,0,0,0
2037,1830.json,1,1,1
2038,1544.json,0,0,0
2039,365.json,1,1,1
2040,2031.json,0,0,0
2041,417.json,1,1,1
2042,531.json,0,0,0
2043,101.json,1,1,1
2044,1285.json,0,0,0
2045,1720.json,0,0,0
2046,214.json,0,0,0
2047,259.json,0,0,0
2048,900.json,1,0,0
2049,765.json,0,0,0
2050,1845.json,1,1,1
2051,1400.json,0,1,0
2052,158.json,1,1,1
2053,576.json,0,0,0
2054,1091.json,1,1,1
2055,1942.json,1,1,1
2056,234.json,1,1,1
2057,1331.json,0,0,0
2058,288.json,0,0,0
2059,21.json,1,1,1
2060,1546.json,1,1,1
2061,701.json,0,0,0
2062,2053.json,0,0,0
2063,1244.json,0,0,0
2064,949.json,0,0,0
2065,1643.json,1,0,0
2066,428.json,0,0,0
2067,1123.json,1,1,1
2068,1385.json,1,1,1
2069,342.json,1,1,1
2070,1482.json,0,0,0
2071,1794.json,0,0,0
2072,1646.json,0,0,0
2073,1328.json,0,0,0
2074,11.json,0,0,0
2075,501.json,0,0,0
2076,595.json,0,0,0
2077,1605.json,0,0,0
2078,853.json,1,1,1
2079,854.json,0,0,0
2080,1346.json,0,1,0
2081,572.json,0,0,0
2082,1766.json,1,1,1
2083,424.json,0,0,0
2084,1195.json,1,1,1
2085,619.json,0,0,0
2086,1164.json,1,1,1
2087,1111.json,1,1,1
2088,759.json,0,0,0
2089,1530.json,1,0,0